Geo point;GENRE;ESPECE;ADRESSE;IDBASE;TYPEEMPLACEMENT;DOMANIALITE;ARRONDISSEMENT;COMPLEMENTADRESSE;NUMERO;IDEMPLACEMENT;CIRCONFERENCE EN CM;HAUTEUR EN M;STADEDEVELOPPEMENT;PEPINIERE;VARIETE OU CULTIVAR;DATEPLANTATION;REMARQUABLE;OBJECTID;LIBELLEFRANCAIS
48.8233452352, 2.33968342685;Fagus;sylvatica;PARC MONTSOURIS / 28 BOULEVARD JOURDAN;110444.0;Arbre;Jardin;PARIS 14E ARRDT;04 - Le vallon du Lac / Lac et Berges;;000401007;138.0;5.0;M;Inconnue;'Tortuosa';1700-01-01T01:02:49+00:53;1;69512;Hêtre
48.8217882346, 2.3228497157;Fagus;sylvatica;SQUARE DU SERMENT DE KOUFRA;121632.0;Arbre;Jardin;PARIS 14E ARRDT;14-09;;00000174;310.0;15.0;M;Inconnue;'Atropunicea';1700-01-01T01:02:49+00:53;1;97749;Hêtre
48.864817945, 2.252676244;Sequoiadendron;giganteum;JARDIN DU PRE CATELAN - CARREFOUR DE LA GRANDE CASCADE / CARREFOUR DE LA CROIX CATELAN;2002394.0;Arbre;Jardin;BOIS DE BOULOGNE;16-14;;000501003;634.0;32.0;A;Inconnue;;1872-01-01T01:02:49+00:53;1;118329;Sequoia
48.8692243438, 2.24601704099;Platanus;x hispanica;PARC DE BAGATELLE - ALLEE DE LONGCHAMP / ROUTE DE SEVRES A NEUILLY;2002346.0;Arbre;Jardin;BOIS DE BOULOGNE;16-19;;000701005;500.0;40.0;M;Inconnue;;1847-01-01T01:02:49+00:53;1;74893;Platane
48.8669731103, 2.31951515223;Sequoiadendron;giganteum;JARDINS DES CHAMPS ELYSEES;302514.0;Arbre;Jardin;PARIS 8E ARRDT;08-05;;00040057;335.0;19.0;M;Inconnue;;1700-01-01T01:02:49+00:53;1;86590;Sequoia
48.831421465, 2.41151437819;Diospyros;virginiana;ILE DE BERCY / LAC DAUMESNIL;2002360.0;Arbre;Jardin;BOIS DE VINCENNES;12-12;;12-12;163.0;15.0;A;Inconnue;;1935-01-01T01:00:00+01:00;1;90713;Plaqueminier
48.855639773, 2.29642967787;Melia;azedarach;JARDIN DU CHAMP DE MARS;107079.0;Arbre;Jardin;PARIS 7E ARRDT;07-03;;P0040881;125.0;10.0;M;Inconnue;;1700-01-01T01:02:49+00:53;1;99110;Lilas de Perse
48.8558090006, 2.30029407426;Diospyros;kaki;JARDIN DU CHAMP DE MARS;106715.0;Arbre;Jardin;PARIS 7E ARRDT;07-05;;P0090571;117.0;14.0;A;Inconnue;;1700-01-01T01:02:49+00:53;1;81489;Plaqueminier
48.8564741998, 2.39461847904;Platanus;x hispanica;BOULEVARD DE CHARONNE;223748.0;Arbre;Alignement;PARIS 20E ARRDT;148;;001802036;407.0;23.0;M;Inconnue;;1700-01-01T01:02:49+00:53;1;110641;Platane
48.8770427283, 2.38050012851;Taxus;baccata;PARC DES BUTTES CHAUMONT;103916.0;Arbre;Jardin;PARIS 19E ARRDT;;;O1020001;140.0;13.0;M;Inconnue;;1700-01-01T01:02:49+00:53;1;85518;If
48.8732484628, 2.24887874572;Davidia;involucrata;PARC DE BAGATELLE - ALLEE DE LONGCHAMP / ROUTE DE SEVRES A NEUILLY;2002355.0;Arbre;Jardin;BOIS DE BOULOGNE;16-20;;000701006;120.0;15.0;A;Inconnue;;1906-01-01T01:09:21+01:00;1;111927;Arbre aux mouchoirs
48.8433078707, 2.44974260862;Quercus;robur;FORT NEUF - AVENUE DE LA PEPINIERE / ROUTE DU GRAND MARECHAL;2002375.0;Arbre;Jardin;BOIS DE VINCENNES;12-26;;12-26;464.0;30.0;M;Inconnue;;1815-01-01T01:02:49+00:53;1;116544;Chêne
48.8311975549, 2.41168725636;Cryptomeria;japonica;ILE DE BERCY / LAC DAUMESNIL;2002359.0;Arbre;Jardin;BOIS DE VINCENNES;12-13;;12-13;122.0;18.0;A;Inconnue;;1893-01-01T01:02:49+00:53;1;126102;Cryptomeria
48.8330296265, 2.35069308175;Aesculus;hippocastanum;SQUARE RENE LE GALL;104841.0;Arbre;Jardin;PARIS 13E ARRDT;13-01;;00010270;360.0;15.0;M;Inconnue;;1894-01-01T01:09:21+01:00;1;159536;Marronnier
48.8582820141, 2.3626526639;Ficus;carica;SQUARE GEORGES CAIN / 8 RUE PAYENNE;116020.0;Arbre;Jardin;PARIS 3E ARRDT;03-01;;00000018;145.0;10.0;M;Inconnue;;1700-01-01T01:02:49+00:53;1;214082;Figuier
48.8767091018, 2.33192988137;Pterocarya;fraxinifolia;SQUARE D'ESTIENNE D'ORVES;323350.0;Arbre;Jardin;PARIS 9E ARRDT;09-01;;00000050;340.0;26.0;M;Inconnue;;1700-01-01T01:02:49+00:53;1;120773;Pterocarya
48.8803354834, 2.38130530981;Platanus;x hispanica;PARC DES BUTTES CHAUMONT;102141.0;Arbre;Jardin;PARIS 19E ARRDT;19-08;;H0690012;686.0;30.0;M;Inconnue;;1700-01-01T01:02:49+00:53;1;149289;Platane
48.8873178299, 2.31706267506;Diospyros;lotus;SQUARE DES BATIGNOLLES;135415.0;Arbre;Jardin;PARIS 17E ARRDT;17-12;;00000224;155.0;13.0;A;Inconnue;;1700-01-01T01:02:49+00:53;1;151780;Plaqueminier
48.8574173085, 2.31472511735;Magnolia;grandiflora;SQUARE D'AJACCIO;109016.0;Arbre;Jardin;PARIS 7E ARRDT;07-10;;00000034;155.0;13.0;A;Inconnue;;1700-01-01T01:02:49+00:53;1;123718;Magnolia
48.8678069026, 2.38883414897;Prunus;dulcis;CENTRE D'ANIMATION LES AMANDIERS / 110 RUE DES AMANDIERS;2013640.0;Arbre;DAC;PARIS 20E ARRDT;;;0000001;240.0;9.0;M;Inconnue;;2000-01-01T02:00:00+01:00;1;152396;Amandier
48.8543846725, 2.29863693912;Cedrus;libani;JARDIN DU CHAMP DE MARS;106913.0;Arbre;Jardin;PARIS 7E ARRDT;07-04;;P0070796;295.0;20.0;M;Inconnue;'Glauca';1700-01-01T01:02:49+00:53;1;166001;Cèdre
48.8227147039, 2.33868841423;Platanus;x hispanica;PARC MONTSOURIS / 28 BOULEVARD JOURDAN;113547.0;Arbre;Jardin;PARIS 14E ARRDT;04 - Le vallon du Lac / Plateau Baigneuses;;0007A1001;604.0;30.0;M;Inconnue;;1700-01-01T01:02:49+00:53;1;208014;Platane
48.863263161, 2.24072476384;Taxodium;distichum;GRANDE CASCADE - CARREFOUR DE LONGCHAMP;2002347.0;Arbre;Jardin;BOIS DE BOULOGNE;16-07;;000301001;311.0;28.0;M;Inconnue;;1859-01-01T01:02:49+00:53;1;203075;Cyprès Chauve
48.8648104138, 2.23370602002;Salix;babylonica;ETANG DE SURESNES / ROUTE DE SURESNES - ROUTE DES MOULINS;2009036.0;Arbre;Jardin;BOIS DE BOULOGNE;16-61;;000201001;285.0;10.0;M;Inconnue;;1901-01-01T01:09:21+01:00;1;225011;Saule
48.8846213312, 2.34392438346;Platanus;orientalis;SQUARE LOUISE MICHEL;120588.0;Arbre;Jardin;PARIS 18E ARRDT;18-01;;00000201;520.0;28.0;M;Inconnue;;1700-01-01T01:02:49+00:53;1;189759;Platane
48.8940926568, 2.32633191622;Aesculus;pavia;SQUARE DES EPINETTES;134203.0;Arbre;Jardin;PARIS 17E ARRDT;17-04;;00000125;284.0;20.0;A;Inconnue;;1700-01-01T01:02:49+00:53;1;194876;Marronnier
48.857749011, 2.33940394029;Salix;babylonica;QUAI DE L HORLOGE;230281.0;Arbre;Alignement;PARIS 1ER ARRDT;;;000402002;120.0;14.0;A;Inconnue;;1700-01-01T01:02:49+00:53;1;185026;Saule
48.8731110898, 2.24886478886;Fagus;sylvatica;PARC DE BAGATELLE - ALLEE DE LONGCHAMP / ROUTE DE SEVRES A NEUILLY;2002354.0;Arbre;Jardin;BOIS DE BOULOGNE;16-17;;000701004;231.0;16.0;M;Inconnue;'Pendula';1868-01-01T01:02:49+00:53;1;33842;Hêtre
48.869458282, 2.24771343792;Sequoiadendron;giganteum;PARC DE BAGATELLE - ALLEE DE LONGCHAMP / ROUTE DE SEVRES A NEUILLY;2002350.0;Arbre;Jardin;BOIS DE BOULOGNE;16-22;;000701002;511.0;28.0;A;Inconnue;;1850-01-01T01:02:49+00:53;1;9023;Sequoia
48.8810210944, 2.39924431307;Fagus;sylvatica;SQUARE DE LA BUTTE DU CHAPEAU ROUGE / 11 BOULEVARD D ALGERIE;127516.0;Arbre;Jardin;PARIS 19E ARRDT;;;00000004;276.0;21.0;M;Inconnue;'Atropunicea';1700-01-01T01:02:49+00:53;1;64289;Hêtre
48.8716811488, 2.24923265275;Araucaria;araucana;PARC DE BAGATELLE - ALLEE DE LONGCHAMP / ROUTE DE SEVRES A NEUILLY;2002353.0;Arbre;Jardin;BOIS DE BOULOGNE;16-23;;000701003;182.0;11.0;A;Inconnue;;1907-01-01T01:09:21+01:00;1;13354;Araucaria
48.8326105728, 2.41145272899;Taxodium;distichum;ILE DE BERCY / LAC DAUMESNIL;2002363.0;Arbre;Jardin;BOIS DE VINCENNES;12-10;;12-10;281.0;23.0;A;Inconnue;;1930-01-01T01:00:00+01:00;1;13130;Cyprès Chauve
48.8341740278, 2.4613206192;Quercus;robur;LAC DES MINIMES - ROUTE RONDE DES MINIMES;2002376.0;Arbre;Jardin;BOIS DE VINCENNES;12-25;;12-25;422.0;30.0;M;Inconnue;;1784-01-01T01:02:49+00:53;1;22213;Chêne
48.8557944122, 2.30025394143;Diospyros;lotus;JARDIN DU CHAMP DE MARS;106714.0;Arbre;Jardin;PARIS 7E ARRDT;07-06;;P0090570;162.0;13.0;A;Inconnue;;1700-01-01T01:02:49+00:53;1;24788;Plaqueminier
48.8320775848, 2.41181713566;Taxus;baccata;ILE DE BERCY / LAC DAUMESNIL;2002362.0;Arbre;Jardin;BOIS DE VINCENNES;12-08;;12-08;101.0;5.0;A;Inconnue;;1870-01-01T01:02:49+00:53;1;24045;If
48.8477822447, 2.25372288858;Betula;nigra;JARDIN DES SERRES D AUTEUIL / 1 AVENUE GORDON BENNETT;136460.0;Arbre;Jardin;PARIS 16E ARRDT;;;00030015;212.0;20.0;M;Inconnue;;1982-01-01T02:00:00+01:00;1;56037;Bouleau
48.8672280446, 2.27026875561;Cedrus;libani;SQUARE CLAUDE DEBUSSY / 51 AVENUE DU MARECHAL FAYOLLE;138935.0;Arbre;Jardin;PARIS 16E ARRDT;16-24;;000101001;213.0;6.0;M;Inconnue;'Glauca Pendula';1700-01-01T01:02:49+00:53;1;8645;Cèdre
48.8876882466, 2.31645921238;Platanus;x hispanica;SQUARE DES BATIGNOLLES;135397.0;Arbre;Jardin;PARIS 17E ARRDT;17-10;;00000206;595.0;34.0;M;Inconnue;;1850-01-01T01:02:49+00:53;1;15881;Platane
48.8613685289, 2.25898794355;Fagus;sylvatica;PETITE ILE DU LAC INFERIEUR;2002393.0;Arbre;Jardin;BOIS DE BOULOGNE;16-11;;000801001;200.0;10.0;M;Inconnue;'Pendula';1857-01-01T01:02:49+00:53;1;24475;Hêtre
48.847146744, 2.25198353717;Pterocarya;stenoptera;JARDIN DES SERRES D AUTEUIL / 1 AVENUE GORDON BENNETT;136310.0;Arbre;Jardin;PARIS 16E ARRDT;;;00040026;540.0;30.0;M;Inconnue;;1905-01-01T01:09:21+01:00;1;25193;Pterocarya
48.8639651868, 2.25134968355;Pinus;nigra;JARDIN DU PRE CATELAN - CARREFOUR DE LA GRANDE CASCADE / CARREFOUR DE LA CROIX CATELAN;2002395.0;Arbre;Jardin;BOIS DE BOULOGNE;16-16;;000501001;330.0;27.0;A;Inconnue;;2000-01-01T02:00:00+01:00;1;45668;Pin
48.8630096006, 2.2417737512;Pinus;nigra subsp. laricio;RESERVOIR DE LA GRANDE CASCADE - CARREFOUR DE LONGCHAMP;2002349.0;Arbre;Jardin;BOIS DE BOULOGNE;16-08;;000901001;241.0;30.0;M;Inconnue;;1882-01-01T01:02:49+00:53;1;57309;Pin
48.8341620932, 2.38255442632;Platanus;x hispanica;PARC DE BERCY;100818.0;Arbre;Jardin;PARIS 12E ARRDT;12-36;;00000373;502.0;35.0;M;Inconnue;;1700-01-01T01:02:49+00:53;1;58270;Platane
48.8363411221, 2.29020948574;Fagus;sylvatica;SQUARE DU CLOS FEUQUIERES;128373.0;Arbre;Jardin;PARIS 15E ARRDT;;;00000002;125.0;5.0;A;Inconnue;'Pendula';1973-01-01T02:00:00+01:00;1;61137;Hêtre
48.8787029872, 2.30647417371;Acer;pseudoplatanus;PARC MONCEAU;305507.0;Arbre;Jardin;PARIS 8E ARRDT;08-01;;00NO0144;450.0;28.0;M;Inconnue;;1700-01-01T01:02:49+00:53;1;66217;Erable
48.8520872721, 2.28253143196;Populus;x canadensis;ALLEE DES CYGNES;258705.0;Arbre;Alignement;PARIS 15E ARRDT;;;000402029;380.0;20.0;M;Inconnue;;1700-01-01T01:02:49+00:53;1;69631;Peuplier
48.882331696, 2.31024539129;Aesculus;hippocastanum;PELOUSES DE LA PLACE DU GENERAL CATROUX;128154.0;Arbre;Jardin;PARIS 17E ARRDT;;;00000013;383.0;25.0;M;Inconnue;;1700-01-01T01:02:49+00:53;1;72397;Marronnier
48.8333775625, 2.41261311356;Juglans;nigra;ROUTE DE LA CEINTURE DU LAC DAUMESNIL - LAC DAUMESNIL / PORTE DOREE;2002367.0;Arbre;Jardin;BOIS DE VINCENNES;12-04;;12-04;585.0;26.0;A;Inconnue;;1845-01-01T01:02:49+00:53;1;81868;Noyer
48.86193299, 2.39871043218;Acer;monspessulanum;CIMETIERE DU PERE LACHAISE / DIV 77;140495.0;Arbre;CIMETIERE;PARIS 20E ARRDT;20-07;;D00000077020;232.0;14.0;M;Inconnue;;1700-01-01T01:02:49+00:53;1;96412;Erable
48.8578039088, 2.39574078452;Eucommia;ulmoides;CIMETIERE DU PERE LACHAISE / DIV 75;155948.0;Arbre;CIMETIERE;PARIS 20E ARRDT;20-11;;D00000075015;120.0;12.0;A;Inconnue;;1700-01-01T01:02:49+00:53;1;108472;Arbre à Gutta-Percha
48.821579307, 2.45494663547;Zelkova;carpinifolia;ARBORETUM DE L ECOLE DU BREUIL - ROUTE DE LA FERME / ROUTE DE LA PYRAMIDE;2002381.0;Arbre;Jardin;BOIS DE VINCENNES;12-21;;12-21;308.0;21.0;M;Inconnue;;2000-01-01T02:00:00+01:00;1;189681;Orme de Sibérie
48.8785828156, 2.30755979417;Platanus;orientalis;PARC MONCEAU;313940.0;Arbre;Jardin;PARIS 8E ARRDT;08-02;;00SO0222;645.0;31.0;M;Inconnue;;1700-01-01T01:02:49+00:53;1;205190;Platane
48.8618538057, 2.37908566977;Corylus;colurna;SQUARE MAURICE GARDETTE;124914.0;Arbre;Jardin;PARIS 11E ARRDT;11-01;;00000035;250.0;21.0;M;Inconnue;;1882-01-01T01:02:49+00:53;1;213853;Noisetier de Byzance
48.8661272117, 2.26254793084;Platanus;orientalis;ILE DU LAC INFERIEUR;2002398.0;Arbre;Jardin;BOIS DE BOULOGNE;16-04;;000401001;380.0;26.0;M;Inconnue;;1859-01-01T01:02:49+00:53;1;109440;Platane
48.8277560491, 2.35926764063;Cedrus;libani;SQUARE DE CHOISY;106181.0;Arbre;Jardin;PARIS 13E ARRDT;13-03;;00000357;351.0;25.0;M;Inconnue;;1700-01-01T01:02:49+00:53;1;121060;Cèdre
48.8497459373, 2.36003937333;Cedrus;libani;SQUARE BARYE / 2 BOULEVARD HENRI IV;123805.0;Arbre;Jardin;PARIS 4E ARRDT;;;00000010;133.0;12.0;;Inconnue;;1993-01-01T02:00:00+01:00;1;121278;Cèdre
48.8859514292, 2.34167969275;Sophora;japonica;SQUARE NADAR / 2 RUE SAINT ELEUTHERE;120761.0;Arbre;Jardin;PARIS 18E ARRDT;18-07;;000102003;301.0;16.0;M;Inconnue;;1700-01-01T01:02:49+00:53;1;125327;Sophora
48.8830293243, 2.37006279721;Tilia;tomentosa;PLACE DE LA BATAILLE DE STALINGRAD;235972.0;Arbre;Alignement;PARIS 19E ARRDT;19-05;;000103001;206.0;20.0;M;Inconnue;;1945-01-01T02:00:00+01:00;1;125525;Tilleul
48.8388163194, 2.40656685552;Quercus;frainetto;SQUARE CHARLES PEGUY;123156.0;Arbre;Jardin;PARIS 12E ARRDT;12-37;;00000026;169.0;14.0;A;Inconnue;;1990-01-01T02:00:00+01:00;1;132236;Chêne
48.8626270003, 2.28982415236;Platanus;x hispanica;JARDIN DU TROCADERO;108281.0;Arbre;Jardin;PARIS 16E ARRDT;16-56;;00000422;479.0;28.0;M;Inconnue;;1700-01-01T01:02:49+00:53;1;138982;Platane
48.8288409104, 2.34976462735;Ficus;carica;JARDIN BRASSAI / 2 RUE EUGENE ATGET;138456.0;Arbre;Jardin;PARIS 13E ARRDT;;;00000028;100.0;4.0;A;Inconnue;;1700-01-01T01:02:49+00:53;1;151111;Figuier
48.8764740798, 2.25749975507;Sequoiadendron;giganteum;ROUTE DE LA PORTE SAINT-JAMES;2002387.0;Arbre;Jardin;BOIS DE BOULOGNE;16-12;;001001001;335.0;28.0;M;Inconnue;;1850-01-01T01:02:49+00:53;1;153950;Sequoia
48.8819364512, 2.39826376533;Fraxinus;excelsior;SQUARE DE LA BUTTE DU CHAPEAU ROUGE / 11 BOULEVARD D ALGERIE;127998.0;Arbre;Jardin;PARIS 19E ARRDT;19-01;;00000509;385.0;24.0;M;Inconnue;;1700-01-01T01:02:49+00:53;1;160665;Frêne
48.8210095188, 2.4555149836;Pinus;coulteri;ARBORETUM DE L ECOLE DU BREUIL - ROUTE DE LA FERME / ROUTE DE LA PYRAMIDE;2002379.0;Arbre;Jardin;BOIS DE VINCENNES;12-20;;12-20;234.0;17.0;A;Inconnue;;2000-01-01T02:00:00+01:00;1;164776;Pin
48.8729000638, 2.29056540474;Morus;nigra;JARDIN DE L AVENUE FOCH / 10 AVENUE FOCH;114685.0;Arbre;Jardin;PARIS 16E ARRDT;PELOUSE 14 - 11 à 27;;000103010;150.0;8.0;M;Inconnue;;1700-01-01T01:02:49+00:53;1;171839;Mûrier
48.8465006206, 2.25226717382;Liriodendron;tulipifera;JARDIN DES SERRES D AUTEUIL / 1 AVENUE GORDON BENNETT;136321.0;Arbre;Jardin;PARIS 16E ARRDT;;;00040037;206.0;23.0;A;Inconnue;;1700-01-01T01:02:49+00:53;1;178483;Tulipier
48.8852311185, 2.3427055876;Pterocarya;fraxinifolia;SQUARE LOUISE MICHEL;112542.0;Arbre;Jardin;PARIS 18E ARRDT;18-10;;00000033;409.0;31.0;M;Inconnue;;1700-01-01T01:02:49+00:53;1;183791;Pterocarya
48.872641762, 2.28136402859;Zelkova;carpinifolia;JARDIN DE L AVENUE FOCH / 10 AVENUE FOCH;114140.0;Arbre;Jardin;PARIS 16E ARRDT;PELOUSE 05 - 54 à 68;;000404059 / 16-26;415.0;26.0;M;Inconnue;;1700-01-01T01:02:49+00:53;1;184220;Orme de Sibérie
48.852346005, 2.35182356011;Tamarix;n. sp.;SQUARE JEAN XXIII / 2 QUAI DE L ARCHEVECHE;125051.0;Arbre;Jardin;PARIS 4E ARRDT;;;00000059;81.0;4.0;M;Inconnue;;1700-01-01T01:02:49+00:53;1;184443;Tamaris
48.8577724998, 2.29724575606;Eucommia;ulmoides;JARDIN DU CHAMP DE MARS;107696.0;Arbre;Jardin;PARIS 7E ARRDT;07-02;;P0061402;189.0;15.0;A;Inconnue;;1700-01-01T01:02:49+00:53;1;190869;Arbre à Gutta-Percha
48.8521020309, 2.35080387137;Ulmus;glabra;SQUARE JEAN XXIII / 2 QUAI DE L ARCHEVECHE;125063.0;Arbre;Jardin;PARIS 4E ARRDT;;;00000069;167.0;10.0;A;Inconnue;'Pendula';1700-01-01T01:02:49+00:53;1;196214;Orme
48.8492902734, 2.35621122947;Platanus;x hispanica;QUAI SAINT BERNARD;298210.0;Arbre;Alignement;PARIS 5E ARRDT;angle fossé saint Bernard /quai Saint Bernard;;000301070;375.0;25.0;M;Inconnue;;1900-01-01T01:09:21+01:00;1;198918;Platane
48.8735408016, 2.29045015635;Koelreuteria;paniculata;JARDIN DE L AVENUE FOCH / 10 AVENUE FOCH;114869.0;Arbre;Jardin;PARIS 16E ARRDT;PELOUSE 10 - 20 à 26;;000206001 / 16-34;155.0;8.0;A;Inconnue;;1700-01-01T01:02:49+00:53;1;201775;Savonnier
48.8292532091, 2.41318205865;Platanus;x hispanica;ROUTE DE LA CEINTURE DU LAC DAUMESNIL;2002357.0;Arbre;Jardin;BOIS DE VINCENNES;12-30;;12-30;504.0;27.0;M;Inconnue;;1871-01-01T01:02:49+00:53;1;203703;Platane
48.8241339366, 2.33796569737;Platanus;x hispanica;PARC MONTSOURIS / 28 BOULEVARD JOURDAN;112897.0;Arbre;Jardin;PARIS 14E ARRDT;04 - Le vallon du Lac / Talus du Lac;;0006B1018;370.0;25.0;M;Inconnue;;1700-01-01T01:02:49+00:53;1;26325;Platane
48.8336857764, 2.42111192826;Ginkgo;biloba;ECOLE DE CHIENS GUIDE D AVEUGLES - AVENUE DE SAINT-MAURICE;2002368.0;Arbre;Jardin;BOIS DE VINCENNES;12-03;;12-03;260.0;25.0;M;Inconnue;;1875-01-01T01:02:49+00:53;1;30676;Arbre aux quarante écus
48.8629082876, 2.26157034611;Ginkgo;biloba;BERGE DU LAC INFERIEUR - CHEMIN DE CEINTURE DU LAC INFERIEUR;2002391.0;Arbre;Jardin;BOIS DE BOULOGNE;16-01;;000101002;210.0;17.0;M;Inconnue;;1893-01-01T01:02:49+00:53;1;22212;Arbre aux quarante écus
48.863856986, 2.39663716021;Ginkgo;biloba;CIMETIERE DU PERE LACHAISE / DIV 78;158456.0;Arbre;CIMETIERE;PARIS 20E ARRDT;20-13;;D00000078003;175.0;15.0;A;Inconnue;;1700-01-01T01:02:49+00:53;1;61839;Arbre aux quarante écus
48.8201271209, 2.4452294175;Cedrus;libani;LAC DE GRAVELLE - ROUTE DE LA TOURELLE / ROUTE NOUVELLE;2002384.0;Arbre;Jardin;BOIS DE VINCENNES;12-16;;12-16;410.0;22.0;M;Inconnue;;1829-01-01T01:02:49+00:53;1;51921;Cèdre
48.8856757452, 2.34472507365;Maclura;pomifera;SQUARE LOUISE MICHEL;120530.0;Arbre;Jardin;PARIS 18E ARRDT;18-11;;00000141;209.0;18.0;M;Inconnue;;1700-01-01T01:02:49+00:53;1;82201;Oranger des Osages
48.8600333815, 2.26913461956;Pterocarya;fraxinifolia;JARDIN DU RANELAGH;136794.0;Arbre;Jardin;PARIS 16E ARRDT;16-40;;00040084;449.0;28.0;M;Inconnue;;1700-01-01T01:02:49+00:53;1;73045;Pterocarya
48.8472736385, 2.25198968756;Magnolia;grandiflora;JARDIN DES SERRES D AUTEUIL / 1 AVENUE GORDON BENNETT;136305.0;Arbre;Jardin;PARIS 16E ARRDT;;;00040021;187.0;10.0;M;Inconnue;;1700-01-01T01:02:49+00:53;1;18769;Magnolia
48.8493511595, 2.34503292777;Platanus;orientalis;SQUARE MICHEL-FOUCAULT / 43Q RUE DES ECOLES;132542.0;Arbre;Jardin;PARIS 5E ARRDT;;;00000001;391.0;24.0;M;Inconnue;;1700-01-01T01:02:49+00:53;1;75508;Platane
48.8858144156, 2.3301156142;Taxus;baccata;CIMETIERE DE MONTMARTRE / DIV 14;167762.0;Arbre;CIMETIERE;PARIS 18E ARRDT;;;D00000014007;290.0;11.0;M;Inconnue;;1700-01-01T01:02:49+00:53;1;42435;If
48.8229510204, 2.33747224929;Ginkgo;biloba;PARC MONTSOURIS / 28 BOULEVARD JOURDAN;106981.0;Arbre;Jardin;PARIS 14E ARRDT;03 - Le côteau du Bardo / Flatters;;002801018;335.0;25.0;M;Inconnue;;1700-01-01T01:02:49+00:53;1;153817;Arbre aux quarante écus
48.8631730613, 2.26173856394;Pterocarya;fraxinifolia;BERGE DU LAC INFERIEUR - CHEMIN DE CEINTURE DU LAC INFERIEUR;2002392.0;Arbre;Jardin;BOIS DE BOULOGNE;16-02;;000101004;407.0;27.0;M;Inconnue;;1882-01-01T01:02:49+00:53;1;167723;Pterocarya
48.8620845688, 2.3985769149;Diospyros;lotus;CIMETIERE DU PERE LACHAISE / DIV 77;155788.0;Arbre;CIMETIERE;PARIS 20E ARRDT;20-01;;D00000077016;111.0;12.0;A;Inconnue;;1700-01-01T01:02:49+00:53;1;144789;Plaqueminier
48.8615791238, 2.29107326949;Corylus;colurna;JARDIN DU TROCADERO;108256.0;Arbre;Jardin;PARIS 16E ARRDT;16-57;;00000397;258.0;20.0;M;Inconnue;;1700-01-01T01:02:49+00:53;1;165047;Noisetier de Byzance
48.8426511702, 2.29608898567;Celtis;australis;SQUARE SAINT-LAMBERT;112222.0;Arbre;Jardin;PARIS 15E ARRDT;15-05;;00000151;225.0;18.0;A;Inconnue;;1700-01-01T01:02:49+00:53;1;152010;Micocoulier
48.8814687366, 2.38368012582;Sophora;japonica;PARC DES BUTTES CHAUMONT;101752.0;Arbre;Jardin;PARIS 19E ARRDT;19-06;;I1090024;408.0;12.0;M;Inconnue;;1700-01-01T01:02:49+00:53;1;172495;Sophora
48.876921106, 2.34671864206;Platanus;x hispanica;SQUARE MONTHOLON / 79 BIS RUE LA FAYETTE;317250.0;Arbre;Jardin;PARIS 9E ARRDT;;;000108001;465.0;25.0;M;Inconnue;;1700-01-01T01:02:49+00:53;1;166127;Platane
48.8513574712, 2.32513190803;Melia;azedarach;SQUARE BOUCICAUT;118790.0;Arbre;Jardin;PARIS 7E ARRDT;;;00000031;120.0;10.0;A;Inconnue;;1700-01-01T01:02:49+00:53;1;156309;Lilas de Perse
48.8218388917, 2.33578615166;Quercus;ilex;PARC MONTSOURIS / 28 BOULEVARD JOURDAN;110934.0;Arbre;Jardin;PARIS 14E ARRDT;03 - Le côteau du Bardo / Volcan - Puits;;0023B1011;250.0;15.0;M;Inconnue;;1700-01-01T01:02:49+00:53;1;92804;Chêne
48.8650355075, 2.40093175935;Aesculus;hippocastanum;SQUARE EDOUARD VAILLANT / 50 AVENUE GAMBETTA;121923.0;Arbre;Jardin;PARIS 20E ARRDT;20-04;;000102006;380.0;26.0;M;Inconnue;;1700-01-01T01:02:49+00:53;1;139686;Marronnier
48.863392803, 2.39684653818;Ginkgo;biloba;CIMETIERE DU PERE LACHAISE / DIV 84;158457.0;Arbre;CIMETIERE;PARIS 20E ARRDT;20-12;;D00000084016;165.0;20.0;A;Inconnue;;1700-01-01T01:02:49+00:53;1;92386;Arbre aux quarante écus
48.8740821646, 2.25916497406;Catalpa;bignonioides;TIR AU PIGEON / 32 ROUTE DE L ETOILE;2009236.0;Arbre;Jardin;BOIS DE BOULOGNE;16-62;;001301001;397.0;14.0;M;Inconnue;;1910-01-01T01:09:21+01:00;1;117368;Catalpa
48.8448875264, 2.35366916319;Fagus;sylvatica;SQUARE DES ARENES DE LUTECE;132669.0;Arbre;Jardin;PARIS 5E ARRDT;;;00000075;85.0;3.0;M;Inconnue;'Tortuosa';1905-01-01T01:09:21+01:00;1;84011;Hêtre
48.8875264747, 2.31617875419;Platanus;orientalis;SQUARE DES BATIGNOLLES;135378.0;Arbre;Jardin;PARIS 17E ARRDT;17-08;;00000187;442.0;30.0;M;Inconnue;;1700-01-01T01:02:49+00:53;1;99137;Platane
48.8303745987, 2.41349281717;Acer;opalus;ILE DE BERCY / LAC DAUMESNIL;2002358.0;Arbre;Jardin;BOIS DE VINCENNES;12-05;;12-05;203.0;14.0;M;Inconnue;;1870-01-01T01:02:49+00:53;1;111926;Erable
48.8428184075, 2.29688266387;Acer;saccharinum;SQUARE SAINT-LAMBERT;111642.0;Arbre;Jardin;PARIS 15E ARRDT;15-04;;00000084;240.0;20.0;A;Inconnue;;1700-01-01T01:02:49+00:53;1;141773;Erable
48.8330206707, 2.34991527056;Quercus;cerris;SQUARE RENE LE GALL;104839.0;Arbre;Jardin;PARIS 13E ARRDT;13-04;;00010268;130.0;10.0;A;Inconnue;;1700-01-01T01:02:49+00:53;1;100864;Chêne
48.8465652331, 2.25242001202;Quercus;ilex;JARDIN DES SERRES D AUTEUIL / 1 AVENUE GORDON BENNETT;136323.0;Arbre;Jardin;PARIS 16E ARRDT;;;00040039;233.0;13.0;M;Inconnue;;1700-01-01T01:02:49+00:53;1;108693;Chêne
48.8226040554, 2.33670121886;Fagus;sylvatica;PARC MONTSOURIS / 28 BOULEVARD JOURDAN;113328.0;Arbre;Jardin;PARIS 14E ARRDT;03 - Le côteau du Bardo / Grande pelouse;;002602006;395.0;28.0;M;Inconnue;'Riversii';1700-01-01T01:02:49+00:53;1;207295;Hêtre
48.8704055251, 2.24852119162;Platanus;orientalis;PARC DE BAGATELLE - ALLEE DE LONGCHAMP / ROUTE DE SEVRES A NEUILLY;2002351.0;Arbre;Jardin;BOIS DE BOULOGNE;16-18;;000701007;221.0;24.0;M;Inconnue;;1843-01-01T01:02:49+00:53;1;198264;Platane
48.8395211552, 2.43349884154;Platanus;x hispanica;SQUARE CARNOT - AVENUE DAUMESNIL / ESPLANADE DU CHATEAU DE VINCENNES;2002371.0;Arbre;Jardin;BOIS DE VINCENNES;12-01;;12-01;607.0;30.0;M;Inconnue;;1918-01-01T01:00:00+01:00;1;183466;Platane
48.8658336196, 2.40008292539;Corylus;colurna;SQUARE EDOUARD VAILLANT / 50 AVENUE GAMBETTA;121940.0;Arbre;Jardin;PARIS 20E ARRDT;20-06;;000201005;160.0;16.0;M;Inconnue;;1700-01-01T01:02:49+00:53;1;175635;Noisetier de Byzance
48.8213206283, 2.45536669589;Pinus;bungeana;ARBORETUM DE L ECOLE DU BREUIL - ROUTE DE LA FERME / ROUTE DE LA PYRAMIDE;2002380.0;Arbre;Jardin;BOIS DE VINCENNES;12-19;;12-19;78.0;16.0;A;Inconnue;;2000-01-01T02:00:00+01:00;1;186555;Pin
48.8586730749, 2.25833935548;Magnolia;grandiflora;BERGE DU LAC INFERIEUR - CHEMIN DE CEINTURE DU LAC INFERIEUR;2002390.0;Arbre;Jardin;BOIS DE BOULOGNE;16-05;;000101001;200.0;14.0;M;Inconnue;;1863-01-01T01:02:49+00:53;1;179464;Magnolia
48.8844740542, 2.34306606827;Aesculus;hippocastanum;SQUARE LOUISE MICHEL;112503.0;Arbre;Jardin;PARIS 18E ARRDT;18-14;;00000002;358.0;21.0;M;Inconnue;;1700-01-01T01:02:49+00:53;1;226524;Marronnier
48.8682621216, 2.29353225481;Platanus;x hispanica;SQUARE THOMAS JEFFERSSON;126662.0;Arbre;Jardin;PARIS 16E ARRDT;;;00000012;108.0;13.0;A;Inconnue;;1700-01-01T01:02:49+00:53;1;189323;Platane
48.8220251, 2.33627703861;Sequoia;sempervirens;PARC MONTSOURIS / 28 BOULEVARD JOURDAN;113353.0;Arbre;Jardin;PARIS 14E ARRDT;03 - Le côteau du Bardo / Volcan - Puits;;0023D1001;355.0;25.0;M;Inconnue;;1700-01-01T01:02:49+00:53;1;11977;Sequoia
48.8715363448, 2.27816921701;Platanus;x hispanica;JARDIN DE L AVENUE FOCH / 10 AVENUE FOCH;111331.0;Arbre;Jardin;PARIS 16E ARRDT;PELOUSE 20 - 75 à 77;;000307023 / 16-27;443.0;27.0;M;Inconnue;;1700-01-01T01:02:49+00:53;1;14542;Platane
48.8662595233, 2.39975002649;Ulmus;minor;AVENUE GAMBETTA;249445.0;Arbre;Alignement;PARIS 20E ARRDT;;;001202009;230.0;21.0;M;Inconnue;;1970-02-27T02:00:00+01:00;1;4612;Orme
48.8652460255, 2.31335093065;Platanus;x hispanica;JARDINS DES CHAMPS ELYSEES / GRAND PALAIS;302598.0;Arbre;Jardin;PARIS 8E ARRDT;08-06;;0601002;549.0;29.0;M;Inconnue;;1700-01-01T01:02:49+00:53;1;5785;Platane
48.8656217619, 2.39994114274;Platanus;x hispanica;SQUARE EDOUARD VAILLANT / 50 AVENUE GAMBETTA;121945.0;Arbre;Jardin;PARIS 20E ARRDT;20-05;;000202004;500.0;28.0;M;Inconnue;;1700-01-01T01:02:49+00:53;1;13866;Platane
48.8460398085, 2.25406628275;Celtis;koraiensis;JARDIN DES SERRES D AUTEUIL / 1 AVENUE GORDON BENNETT;114452.0;Arbre;Jardin;PARIS 16E ARRDT;;;00060082;172.0;9.0;A;Inconnue;;1700-01-01T01:02:49+00:53;1;24132;Micocoulier
48.8521900449, 2.34729161483;Robinia;pseudoacacia;SQUARE RENE VIVIANI;124358.0;Arbre;Jardin;PARIS 5E ARRDT;;;00000058;365.0;9.0;M;Inconnue;;1602-01-01T01:02:49+00:53;1;34830;Robinier
48.8471733403, 2.25286614408;Quercus;suber subsp. Occidentalis;JARDIN DES SERRES D AUTEUIL / 1 AVENUE GORDON BENNETT;136338.0;Arbre;Jardin;PARIS 16E ARRDT;;;00040054;217.0;11.0;M;Inconnue;;1895-01-01T01:09:21+01:00;1;35725;Chêne
48.8335444898, 2.41034769634;Platanus;x hispanica;ROUTE DE LA CEINTURE DU LAC DAUMESNIL - LAC DAUMESNIL / PORTE DOREE;2002366.0;Arbre;Jardin;BOIS DE VINCENNES;12-14;;12-14;482.0;26.0;M;Inconnue;;1860-01-01T01:02:49+00:53;1;40299;Platane
48.8396441672, 2.30097558498;Quercus;frainetto;SQUARE DE LA PLACE ADOLPHE CHERIOUX / 260 RUE DE VAUGIRARD;113597.0;Arbre;Jardin;PARIS 15E ARRDT;;;000106001;173.0;15.0;A;Inconnue;;1700-01-01T01:02:49+00:53;1;47493;Chêne
48.8499468102, 2.34421971028;Zelkova;carpinifolia;SQUARE PAUL PAINLEVE;132479.0;Arbre;Jardin;PARIS 5E ARRDT;05-04;;00000001;250.0;20.0;M;Inconnue;;1700-01-01T01:02:49+00:53;1;48854;Orme de Sibérie
48.84758185, 2.25327790355;Catalpa;speciosa;JARDIN DES SERRES D AUTEUIL / 1 AVENUE GORDON BENNETT;136448.0;Arbre;Jardin;PARIS 16E ARRDT;;;00030003;200.0;3.0;M;Inconnue;'Pulverulenta';1700-01-01T01:02:49+00:53;1;49080;Catalpa
48.8856292413, 2.34379244341;Punica;granatum;SQUARE LOUISE MICHEL;125087.0;Arbre;Jardin;PARIS 18E ARRDT;;;00001160;30.0;3.0;A;Inconnue;;1952-01-01T02:00:00+01:00;1;52844;Grenadier
48.8200711234, 2.43516626469;Catalpa;bignonioides;PENTE DE GRAVELLE - AVENUE DE GRAVELLE / ROUTE DU MOULIN ROUGE;2002399.0;Arbre;Jardin;BOIS DE VINCENNES;12-38;;12-38;289.0;10.0;M;Inconnue;;2000-01-01T02:00:00+01:00;1;53263;Catalpa
48.8872385242, 2.31716310443;Pterocarya;fraxinifolia;SQUARE DES BATIGNOLLES;135262.0;Arbre;Jardin;PARIS 17E ARRDT;17-07;;00000072;395.0;30.0;M;Inconnue;;1700-01-01T01:02:49+00:53;1;58756;Pterocarya
48.8428258374, 2.29728541016;Alnus;n. sp.;SQUARE SAINT-LAMBERT;111640.0;Arbre;Jardin;PARIS 15E ARRDT;15-02;;00000087;223.0;19.0;A;Inconnue;;1700-01-01T01:02:49+00:53;1;62911;Aulne
48.836425027, 2.29018563176;Fagus;sylvatica;SQUARE DU CLOS FEUQUIERES;128372.0;Arbre;Jardin;PARIS 15E ARRDT;;;00000001;138.0;4.0;A;Inconnue;'Pendula';1973-01-01T02:00:00+01:00;1;65206;Hêtre
48.8727963278, 2.2875405986;Corylus;colurna;JARDIN DE L AVENUE FOCH / 10 AVENUE FOCH;114779.0;Arbre;Jardin;PARIS 16E ARRDT;PELOUSE 15 - 27 à 29;;000105001 / 16-25;200.0;12.0;M;Inconnue;;1700-01-01T01:02:49+00:53;1;88707;Noisetier de Byzance
48.8552202311, 2.30078240398;Celtis;occidentalis;JARDIN DU CHAMP DE MARS;106662.0;Arbre;Jardin;PARIS 7E ARRDT;07-09;;P0090518;250.0;19.0;M;Inconnue;;1700-01-01T01:02:49+00:53;1;89674;Micocoulier
48.8322968473, 2.4106783229;Platanus;x hispanica;ILE DE BERCY / LAC DAUMESNIL;2002365.0;Arbre;Jardin;BOIS DE VINCENNES;12-07;;12-07;399.0;35.0;M;Inconnue;;1860-01-01T01:02:49+00:53;1;94484;Platane
48.8682643074, 2.36315743986;Quercus;cerris;PLACE DE LA REPUBLIQUE;2017817.0;Arbre;Alignement;PARIS 10E ARRDT;;;000208001;45.0;7.0;J;Guillot Bourne;;2017-11-09T02:00:00+01:00;1;97910;Chêne
48.8606050739, 2.25977704939;Taxodium;distichum;BERGE DU LAC INFERIEUR - CHEMIN DE CEINTURE DU LAC INFERIEUR;2002397.0;Arbre;Jardin;BOIS DE BOULOGNE;16-03;;000101003;354.0;32.0;M;Inconnue;;1862-01-01T01:02:49+00:53;1;98814;Cyprès Chauve
48.8648326277, 2.25217460792;Diospyros;kaki;JARDIN DU PRE CATELAN - CARREFOUR DE LA GRANDE CASCADE / CARREFOUR DE LA CROIX CATELAN;2002388.0;Arbre;Jardin;BOIS DE BOULOGNE;16-13;;000501002;146.0;15.0;A;Inconnue;;1897-01-01T01:09:21+01:00;1;99455;Plaqueminier
48.8691331657, 2.27224829769;Gymnocladus;dioica;SQUARE ROBERT SCHUMAN;139108.0;Arbre;Jardin;PARIS 16E ARRDT;16-42;;00000007;185.0;12.0;M;Inconnue;;1700-01-01T01:02:49+00:53;1;100431;Chicot du Canada
48.8399709915, 2.43374296016;Fagus;sylvatica;SQUARE CARNOT - AVENUE DAUMESNIL / ESPLANADE DU CHATEAU DE VINCENNES;2002372.0;Arbre;Jardin;BOIS DE VINCENNES;12-22;;12-22;414.0;16.0;M;Inconnue;'Pendula';1864-01-01T01:02:49+00:53;1;104785;Hêtre
48.8672465961, 2.31748146673;Melia;azedarach;JARDINS DES CHAMPS ELYSEES;307558.0;Arbre;Jardin;PARIS 8E ARRDT;08-08;;00040012;168.0;14.0;A;Inconnue;;1700-01-01T01:02:49+00:53;1;105838;Lilas de Perse
48.8527676299, 2.35102356684;Corylus;colurna;SQUARE JEAN XXIII / 2 QUAI DE L ARCHEVECHE;125046.0;Arbre;Jardin;PARIS 4E ARRDT;04-04;;00000054;210.0;19.0;A;Inconnue;;1700-01-01T01:02:49+00:53;1;174126;Noisetier de Byzance
48.8823220504, 2.38408821582;Ginkgo;biloba;PARC DES BUTTES CHAUMONT;102053.0;Arbre;Jardin;PARIS 19E ARRDT;;;G0310005;270.0;24.0;A;Inconnue;;1700-01-01T01:02:49+00:53;1;210064;Arbre aux quarante écus
48.8319199888, 2.41202929042;Liriodendron;tulipifera;ILE DE BERCY / LAC DAUMESNIL;2002361.0;Arbre;Jardin;BOIS DE VINCENNES;12-09;;12-09;214.0;21.0;A;Inconnue;;1930-01-01T01:00:00+01:00;1;224227;Tulipier
48.8183891866, 2.43791851368;Quercus;ilex;PENTE DE GRAVELLE - AVENUE DE GRAVELLE / ROUTE NOUVELLE;2002385.0;Arbre;Jardin;BOIS DE VINCENNES;12-15;;12-15;245.0;23.0;M;Inconnue;;1860-01-01T01:02:49+00:53;1;133247;Chêne
48.8323392302, 2.41144640633;Platanus;x hispanica;ILE DE BERCY / LAC DAUMESNIL;2002364.0;Arbre;Jardin;BOIS DE VINCENNES;12-11;;12-11;397.0;40.0;M;Inconnue;;1860-01-01T01:02:49+00:53;1;141206;Platane
48.8394169316, 2.43359063315;Liriodendron;tulipifera;SQUARE CARNOT - AVENUE DAUMESNIL / ESPLANADE DU CHATEAU DE VINCENNES;2002370.0;Arbre;Jardin;BOIS DE VINCENNES;12-02;;12-02;298.0;30.0;M;Inconnue;;1862-01-01T01:02:49+00:53;1;147646;Tulipier
48.8939378118, 2.3244386679;Metasequoia;glyptostroboides;SQUARE DE LA VILLA SAINTE CROIX / 10 VILLA SAINTE CROIX;123071.0;Arbre;Jardin;PARIS 17E ARRDT;;;000101005;232.0;18.0;M;Inconnue;;1995-04-01T04:00:00+02:00;1;152256;Metaséquoia
48.8615163386, 2.39906598184;Gymnocladus;dioica;CIMETIERE DU PERE LACHAISE / DIV 77;158609.0;Arbre;CIMETIERE;PARIS 20E ARRDT;20-17;;D00000077024;149.0;10.0;A;Inconnue;'Variegata';1700-01-01T01:02:49+00:53;1;152710;Chicot du Canada
48.8624451828, 2.28957035566;Sequoia;sempervirens;JARDIN DU TROCADERO;108277.0;Arbre;Jardin;PARIS 16E ARRDT;;;00000418;170.0;15.0;A;Inconnue;;1700-01-01T01:02:49+00:53;1;156945;Sequoia
48.8736809161, 2.29025241063;Quercus;ilex;JARDIN DE L AVENUE FOCH / 10 AVENUE FOCH;114867.0;Arbre;Jardin;PARIS 16E ARRDT;PELOUSE 10 - 20 à 26;;000206003 / 16-32;200.0;11.0;M;Inconnue;;1700-01-01T01:02:49+00:53;1;161963;Chêne
48.8709369341, 2.24803445349;Taxus;baccata;PARC DE BAGATELLE - ALLEE DE LONGCHAMP / ROUTE DE SEVRES A NEUILLY;2002352.0;Arbre;Jardin;BOIS DE BOULOGNE;16-21;;000701001;246.0;15.0;A;Inconnue;;1772-01-01T01:02:49+00:53;1;171976;If
48.8591685681, 2.27021762792;Corylus;colurna;JARDIN DU RANELAGH;136739.0;Arbre;Jardin;PARIS 16E ARRDT;16-39;;00040029;225.0;18.0;M;Inconnue;;1700-01-01T01:02:49+00:53;1;188665;Noisetier de Byzance
48.8801157455, 2.38566682415;Aesculus;hippocastanum;PARC DES BUTTES CHAUMONT;102028.0;Arbre;Jardin;PARIS 19E ARRDT;;;G0380002;323.0;25.0;M;Inconnue;;1700-01-01T01:02:49+00:53;1;192429;Marronnier
48.8597425245, 2.39998313637;Aesculus;hippocastanum;CIMETIERE DU PERE LACHAISE / DIV 76;147672.0;Arbre;CIMETIERE;PARIS 20E ARRDT;20-15;;D00000076032;347.0;22.0;M;Inconnue;;1700-01-01T01:02:49+00:53;1;192723;Marronnier
48.8476363794, 2.25274648217;Ginkgo;biloba;JARDIN DES SERRES D AUTEUIL / 1 AVENUE GORDON BENNETT;136527.0;Arbre;Jardin;PARIS 16E ARRDT;;;00050045;415.0;25.0;M;Inconnue;;1895-01-01T01:09:21+01:00;1;194046;Arbre aux quarante écus
48.8493165016, 2.34518635839;Platanus;orientalis;SQUARE MICHEL-FOUCAULT / 43Q RUE DES ECOLES;132543.0;Arbre;Jardin;PARIS 5E ARRDT;;;00000002;450.0;24.0;M;Inconnue;;1700-01-01T01:02:49+00:53;1;222275;Platane
48.8731340013, 2.28679550428;Platanus;x hispanica;JARDIN DE L AVENUE FOCH / 10 AVENUE FOCH;114166.0;Arbre;Jardin;PARIS 16E ARRDT;PELOUSE 08 - 34 à 44;;000210037 / 16-29;440.0;25.0;M;Inconnue;;1700-01-01T01:02:49+00:53;1;224507;Platane
48.8800797215, 2.38570950523;Aesculus;hippocastanum;PARC DES BUTTES CHAUMONT;102027.0;Arbre;Jardin;PARIS 19E ARRDT;;;G0380001;330.0;22.0;M;Inconnue;;1700-01-01T01:02:49+00:53;1;4519;Marronnier
48.8625497049, 2.23789840571;Zelkova;carpinifolia;MOULIN DE LONGCHAMP - ROUTE DES TRIBUNES;2002344.0;Arbre;Jardin;BOIS DE BOULOGNE;16-06;;000601001;321.0;16.0;M;Inconnue;;1896-01-01T01:09:21+01:00;1;4902;Orme de Sibérie
48.8460598206, 2.25295516084;Ailanthus;giraldii;JARDIN DES SERRES D AUTEUIL / 1 AVENUE GORDON BENNETT;112968.0;Arbre;Jardin;PARIS 16E ARRDT;16-47;;00060035;495.0;22.0;M;Inconnue;;1700-01-01T01:02:49+00:53;1;11308;Ailante
48.8462426895, 2.25137540594;Acer;monspessulanum;JARDIN DES SERRES D AUTEUIL / 1 AVENUE GORDON BENNETT;123330.0;Arbre;Jardin;PARIS 16E ARRDT;;;00040005;203.0;16.0;M;Inconnue;;1700-01-01T01:02:49+00:53;1;14776;Erable
48.8542732882, 2.33573525468;Paulownia;tomentosa;RUE DE FURSTEMBERG;216766.0;Arbre;Alignement;PARIS 6E ARRDT;;;000101001;295.0;20.0;M;Guillot Bourne;;1999-01-25T02:00:00+01:00;1;32556;Paulownia
48.8231288576, 2.33870925824;Ginkgo;biloba;PARC MONTSOURIS / 28 BOULEVARD JOURDAN;112946.0;Arbre;Jardin;PARIS 14E ARRDT;04 - Le vallon du Lac / Talus du Lac;;0006A2001;425.0;25.0;M;Inconnue;;1700-01-01T01:02:49+00:53;1;45753;Arbre aux quarante écus
48.893355459, 2.34682048372;Toona;sinensis;SQUARE KRIEGEL - VALRIMONT;120016.0;Arbre;Jardin;PARIS 18E ARRDT;18-08;;00000009;238.0;17.0;M;Inconnue;;1700-01-01T01:02:49+00:53;1;54235;Cedrele
48.8614740968, 2.35437470573;Aesculus;hippocastanum;JARDIN ANNE FRANCK / 14 IMPASSE BERTHAUD;134435.0;Arbre;Jardin;PARIS 3E ARRDT;;;00000001;55.0;6.0;J;Inconnue;;2006-01-01T02:00:00+01:00;1;67226;Marronnier
48.8671184424, 2.25294211329;Platanus;x hispanica;ROUTE DU LAC A BAGATELLE;2002389.0;Arbre;Jardin;BOIS DE BOULOGNE;16-10;;001201001;534.0;45.0;M;Inconnue;;1872-01-01T01:02:49+00:53;1;79660;Platane
48.8408777406, 2.39210515404;Calocedrus;decurrens;JARDIN DE LA GARE DE REUILLY;125236.0;Arbre;Jardin;PARIS 12E ARRDT;12-33;;00000005;195.0;23.0;A;Inconnue;;1700-01-01T01:02:49+00:53;1;82679;Libocèdre
48.861255856, 2.3950502607;Platanus;x hispanica;CIMETIERE DU PERE LACHAISE / DIV 45;162943.0;Arbre;CIMETIERE;PARIS 20E ARRDT;20-14;;D00000045009;362.0;26.0;M;Inconnue;;1700-01-01T01:02:49+00:53;1;92390;Platane
48.845904263, 2.25302676408;Pistacia;terebinthus;JARDIN DES SERRES D AUTEUIL / 1 AVENUE GORDON BENNETT;113571.0;Arbre;Jardin;PARIS 16E ARRDT;;;00060050;170.0;10.0;A;Inconnue;;1700-01-01T01:02:49+00:53;1;96142;Pistachier
48.8860986781, 2.3446801359;Pterocarya;fraxinifolia;SQUARE LOUISE MICHEL;120518.0;Arbre;Jardin;PARIS 18E ARRDT;18-12;;00000127;368.0;26.0;M;Inconnue;;1700-01-01T01:02:49+00:53;1;107751;Pterocarya
48.8946228565, 2.3268523785;Liriodendron;tulipifera;SQUARE DES EPINETTES;134212.0;Arbre;Jardin;PARIS 17E ARRDT;17-03;;00000134;240.0;17.0;A;Inconnue;;1700-01-01T01:02:49+00:53;1;169635;Tulipier
48.8685718097, 2.31332439059;Calocedrus;decurrens;JARDINS DES CHAMPS ELYSEES;307478.0;Arbre;Jardin;PARIS 8E ARRDT;08-04;;00020023;202.0;18.0;M;Inconnue;;1700-01-01T01:02:49+00:53;1;174909;Libocèdre
48.8608096279, 2.39184377559;Cedrus;libani;CIMETIERE DU PERE LACHAISE / DIV 4;152606.0;Arbre;CIMETIERE;PARIS 20E ARRDT;20-16;;D00000004036;372.0;25.0;M;Inconnue;;1700-01-01T01:02:49+00:53;1;191609;Cèdre
48.8476114157, 2.25314300756;Firmiana;simplex;JARDIN DES SERRES D AUTEUIL / 1 AVENUE GORDON BENNETT;136446.0;Arbre;Jardin;PARIS 16E ARRDT;;;00030001;132.0;12.0;A;Inconnue;;1700-01-01T01:02:49+00:53;1;210556;Sterculier
48.8578670722, 2.34811930339;Morus;alba;SQUARE DE LA TOUR SAINT JACQUES / 1 BIS RUE SAINT MARTIN;123848.0;Arbre;Jardin;PARIS 4E ARRDT;;;000103001;96.0;6.0;A;Inconnue;;2009-01-01T02:00:00+01:00;1;126881;Mûrier
48.8797546767, 2.38066315428;Sequoiadendron;giganteum;PARC DES BUTTES CHAUMONT;102837.0;Arbre;Jardin;PARIS 19E ARRDT;19-04;;K0660013;505.0;26.0;M;Inconnue;;1700-01-01T01:02:49+00:53;1;129879;Sequoia
48.8648374901, 2.36062553598;Corylus;colurna;SQUARE DU TEMPLE / 50 RUE DE BRETAGNE;116886.0;Arbre;Jardin;PARIS 3E ARRDT;03-05;;00000024;224.0;25.0;M;Inconnue;;1700-01-01T01:02:49+00:53;1;131528;Noisetier de Byzance
48.8633907267, 2.24048112696;Cedrus;libani;GRANDE CASCADE - CARREFOUR DE LONGCHAMP;2002348.0;Arbre;Jardin;BOIS DE BOULOGNE;16-09;;000301002;468.0;25.0;M;Inconnue;;1862-01-01T01:02:49+00:53;1;135254;Cèdre
48.8877361833, 2.34350324718;Platanus;x hispanica;PARC MARCEL BLEUSTEIN BLANCHET;120299.0;Arbre;Jardin;PARIS 18E ARRDT;18-13;;00000028;349.0;27.0;M;Inconnue;;1700-01-01T01:02:49+00:53;1;149308;Platane
48.8642003629, 2.26796037248;Fagus;sylvatica;STADE DE LA PORTE DE LA MUETTE / 60 BOULEVARD LANNES;201570.0;Arbre;DJS;PARIS 16E ARRDT;16-38;;470306001;312.0;12.0;A;Inconnue;;1700-01-01T01:02:49+00:53;1;165398;Hêtre
48.8319997987, 2.32583007025;Cedrus;libani;SQUARE DE L ASPIRAND DUNAND / 20 RUE SAILLARD;116216.0;Arbre;Jardin;PARIS 14E ARRDT;;;10030016;140.0;18.0;A;Inconnue;;1996-01-01T02:00:00+01:00;1;167813;Cèdre
48.8577764958, 2.31452314446;Platanus;x hispanica;SQUARE D'AJACCIO;109021.0;Arbre;Jardin;PARIS 7E ARRDT;07-13;;00000039;478.0;29.0;M;Inconnue;;1700-01-01T01:02:49+00:53;1;172300;Platane
48.8587642227, 2.29551496343;Fagus;sylvatica;JARDIN DU CHAMP DE MARS / C03;108183.0;Arbre;Jardin;PARIS 7E ARRDT;07-11;;P00208022;194.0;7.0;A;Inconnue;'Pendula';1700-01-01T01:02:49+00:53;1;173141;Hêtre
48.8400020252, 2.46422598011;Acer;cappadocicum;PELOUSE DE FONTENAY - AVENUE DE LA BELLE GABRIELLE;2002378.0;Arbre;Jardin;BOIS DE VINCENNES;12-23;;12-23;294.0;18.0;M;Inconnue;;1900-01-01T01:09:21+01:00;1;178581;Erable
48.8557603076, 2.35399346953;Ulmus;minor;PLACE SAINT GERVAIS;267663.0;Arbre;Alignement;PARIS 4E ARRDT;04-01;;000301001;184.0;16.0;A;Inconnue;;1700-01-01T01:02:49+00:53;1;216541;Orme
48.857837941, 2.29331862801;Platanus;x hispanica;JARDIN DU CHAMP DE MARS / C01;108095.0;Arbre;Jardin;PARIS 7E ARRDT;07-08;;P00206011;695.0;27.0;M;Inconnue;;1700-01-01T01:02:49+00:53;1;225361;Platane
48.8569376084, 2.3366340031;Catalpa;bignonioides;SQUARE GABRIEL PIERNE;117989.0;Arbre;Jardin;PARIS 6E ARRDT;06-01;;00000006;275.0;15.0;M;Inconnue;;1700-01-01T01:02:49+00:53;1;227212;Catalpa
